2026/08/01 00:21:32	21.9055	0
2026/08/01 00:51:23	22.0054	0
2026/08/01 01:21:12	22.10527	0
2026/08/01 01:50:49	22.25498	0
2026/08/01 02:20:24	22.20506	0
2026/08/01 02:50:14	22.15518	0
2026/08/01 03:19:50	22.30486	0
2026/08/01 03:49:38	22.20506	0
2026/08/01 04:19:15	22.20506	0
2026/08/01 04:49:08	22.25498	0
2026/08/01 05:18:41	22.35472	0
2026/08/01 05:48:32	22.40457	0
2026/08/01 06:18:10	22.35472	0
2026/08/01 06:47:58	22.45442	0
2026/08/01 07:17:42	22.55409	0
2026/08/01 07:47:23	22.40457	0
2026/08/01 08:17:01	22.50427	0
2026/08/01 08:46:45	22.20506	0
2026/08/01 09:16:39	22.10527	0
2026/08/01 09:46:10	22.05536	0
2026/08/01 10:15:58	22.0054	0
2026/08/01 10:45:35	21.95546	0
2026/08/01 11:15:23	21.95546	0
2026/08/01 11:45:09	21.9055	0
2026/08/01 12:14:44	22.0054	0
2026/08/01 12:44:27	22.0054	0
2026/08/01 13:14:16	22.05536	0
2026/08/01 13:44:00	22.10527	0
2026/08/01 14:13:36	22.50427	0
2026/08/01 14:43:19	22.50427	0
2026/08/01 15:13:10	22.65373	0
2026/08/01 15:42:45	22.70352	0
2026/08/01 16:12:28	22.70352	0
2026/08/01 16:42:17	22.70352	0
2026/08/01 17:12:02	22.70352	0
2026/08/01 17:41:38	22.55409	0
2026/08/01 18:11:27	22.65373	0
2026/08/01 18:41:13	22.55409	0
2026/08/01 19:10:45	22.65373	0
2026/08/01 19:40:29	22.60391	0
2026/08/01 20:10:19	22.55409	0
2026/08/01 20:39:55	22.50427	0
2026/08/01 21:09:44	22.45442	0
2026/08/01 21:39:27	22.35472	0
2026/08/01 22:09:11	22.45442	0
2026/08/01 22:38:47	22.45442	0
2026/08/01 23:08:30	22.45442	0
2026/08/01 23:38:19	22.40457	0
2026/08/02 00:08:08	22.45442	0
2026/08/02 00:37:39	22.55409	0
2026/08/02 01:07:28	22.50427	0
2026/08/02 01:37:05	22.60391	0
2026/08/02 02:06:55	22.55409	0
2026/08/02 02:36:38	22.50427	0
2026/08/02 03:06:23	22.45442	0
2026/08/02 03:35:58	22.45442	0
2026/08/02 04:05:41	22.45442	0
2026/08/02 04:35:30	22.50427	0
2026/08/02 05:05:11	22.45442	0
2026/08/02 05:34:50	22.45442	0
2026/08/02 06:04:40	22.40457	0
2026/08/02 06:34:17	22.40457	0
2026/08/02 07:03:59	22.45442	0
2026/08/02 07:33:42	22.40457	0
2026/08/02 08:03:29	22.50427	0
2026/08/02 08:33:09	22.50427	0
2026/08/02 09:02:51	22.50427	0
2026/08/02 09:32:40	22.45442	0
2026/08/02 10:02:24	22.40457	0
2026/08/02 10:32:01	22.40457	0
2026/08/02 11:01:44	22.40457	0
2026/08/02 11:31:27	22.40457	0
2026/08/02 12:01:18	22.40457	0
2026/08/02 12:30:59	22.35472	0
2026/08/02 13:00:36	22.30486	0
2026/08/02 13:30:29	22.30486	0
2026/08/02 14:00:02	22.30486	0
2026/08/02 14:29:44	22.25498	0
2026/08/02 14:59:28	22.35472	0
2026/08/02 15:29:17	22.25498	0
2026/08/02 15:58:58	22.25498	0
2026/08/02 16:28:36	22.20506	0
2026/08/02 16:58:25	22.25498	0
2026/08/02 17:28:02	22.25498	0
2026/08/02 17:57:51	22.25498	0
2026/08/02 18:27:35	22.20506	0
2026/08/02 18:57:18	22.0054	0
2026/08/02 19:26:55	22.0054	0
2026/08/02 19:56:44	22.0054	0
2026/08/02 20:26:25	21.9055	0
2026/08/02 21:25:54	21.95546	0
2026/08/02 21:55:40	22.05536	0
2026/08/02 22:25:12	22.15518	0
2026/08/02 22:55:01	21.85555	0
2026/08/02 23:24:38	21.7056	0
2026/08/02 23:54:28	21.9055	0
2026/08/03 00:24:03	21.60556	0
2026/08/03 00:53:47	21.80559	0
2026/08/03 01:23:37	21.7556	0
2026/08/03 01:53:12	21.80559	0
2026/08/03 02:23:04	21.50549	0
2026/08/03 02:52:37	21.55554	0
2026/08/03 03:22:27	21.50549	0
2026/08/03 03:52:03	21.65559	0
2026/08/03 04:21:53	21.65559	0
2026/08/03 04:51:34	21.7056	0
2026/08/03 05:21:17	21.7056	0
2026/08/03 05:51:05	21.7556	0
2026/08/03 06:20:37	21.65559	0
2026/08/03 06:50:26	21.7556	0
2026/08/03 07:20:03	21.7056	0
2026/08/03 07:49:46	21.85555	0
2026/08/03 08:19:35	21.9055	0
2026/08/03 08:49:19	22.0054	0
2026/08/03 09:19:00	22.15518	0
2026/08/03 09:48:37	22.0054	0
2026/08/03 10:18:28	22.15518	0
2026/08/03 10:48:04	22.20506	0
2026/08/03 11:17:51	22.0054	0
2026/08/03 11:47:29	22.20506	0
2026/08/03 12:17:27	22.10527	0
2026/08/03 12:47:00	22.20506	0
2026/08/03 13:16:38	22.35472	0
2026/08/03 13:46:20	22.35472	0
2026/08/03 14:16:03	22.45442	0
2026/08/03 14:45:51	22.45442	0
2026/08/03 15:15:29	22.40457	0
2026/08/03 15:45:11	21.35532	0
2026/08/03 16:15:01	21.00453	0
2026/08/03 16:44:37	21.05467	0
2026/08/03 17:14:20	21.15492	0
2026/08/03 17:44:09	21.35532	0
2026/08/03 18:13:45	21.25514	0
2026/08/03 18:43:33	21.30524	0
2026/08/03 19:13:23	21.30524	0
2026/08/03 19:42:53	21.30524	0
2026/08/03 20:12:43	21.30524	0
2026/08/03 20:42:29	21.35532	0
2026/08/03 21:12:11	21.30524	0
2026/08/03 21:41:51	21.55554	0
2026/08/03 22:11:33	21.25514	0
2026/08/03 22:41:10	21.65559	0
2026/08/03 23:10:57	21.85555	0
2026/08/03 23:40:40	21.85555	0
2026/08/04 00:10:23	21.85555	0
2026/08/04 00:40:00	21.7556	0
2026/08/04 01:09:43	21.7556	0
2026/08/04 01:39:32	21.7556	0
2026/08/04 02:09:15	21.55554	0
2026/08/04 02:38:51	21.20503	0
2026/08/04 03:08:41	21.10481	0
2026/08/04 03:38:17	21.15492	0
2026/08/04 04:08:06	21.15492	0
2026/08/04 04:37:49	21.10481	0
2026/08/04 05:07:31	21.15492	0
2026/08/04 05:37:07	21.10481	0
2026/08/04 06:06:59	21.10481	0
2026/08/04 06:36:35	21.10481	0
2026/08/04 07:06:26	21.10481	0
2026/08/04 07:36:00	21.10481	0
2026/08/04 08:05:43	21.10481	0
2026/08/04 08:35:26	21.10481	0
2026/08/04 09:05:16	21.15492	0
2026/08/04 09:34:53	21.30524	0
2026/08/04 10:04:35	21.35532	0
2026/08/04 10:34:24	21.30524	0
2026/08/04 11:04:07	21.35532	0
2026/08/04 11:33:49	21.35532	0
2026/08/04 12:03:33	21.4054	0
2026/08/04 12:33:14	21.35532	0
2026/08/04 13:02:53	21.4054	0
2026/08/04 13:32:36	21.4054	0
2026/08/04 14:02:27	21.4054	0
2026/08/04 14:32:07	21.55554	0
2026/08/04 15:01:43	21.7056	0
2026/08/04 15:31:33	21.7556	0
2026/08/04 16:01:16	21.60556	0
2026/08/04 16:30:51	21.65559	0
2026/08/04 17:00:41	21.50549	0
2026/08/04 17:30:17	21.65559	0
2026/08/04 18:00:04	21.65559	0
2026/08/04 18:29:48	21.7056	0
2026/08/04 18:59:32	21.65559	0
2026/08/04 19:29:08	21.65559	0
2026/08/04 19:58:56	21.65559	0
2026/08/04 20:28:34	21.65559	0
2026/08/04 20:58:23	21.7056	0
2026/08/04 21:28:05	21.60556	0
2026/08/04 21:57:43	21.7056	0
2026/08/04 22:27:27	21.7556	0
2026/08/04 22:57:15	21.7056	0
2026/08/04 23:26:52	21.60556	0
2026/08/04 23:56:46	21.60556	0
2026/08/05 00:26:23	21.55554	0
2026/08/05 00:56:09	21.55554	0
2026/08/05 01:25:44	21.50549	0
2026/08/05 01:55:27	21.50549	0
2026/08/05 02:25:16	21.50549	0
2026/08/05 02:54:59	21.45545	0
2026/08/05 03:24:48	21.45545	0
2026/08/05 03:54:26	21.35532	0
2026/08/05 04:24:02	21.30524	0
2026/08/05 04:53:46	21.30524	0
2026/08/05 05:23:29	21.25514	0
2026/08/05 05:53:19	21.20503	0
2026/08/05 06:22:55	21.20503	0
2026/08/05 06:52:39	21.20503	0
2026/08/05 07:22:28	21.25514	0
2026/08/05 07:52:05	21.25514	0
2026/08/05 08:21:47	21.25514	0
2026/08/05 08:51:37	21.25514	0
2026/08/05 09:21:13	21.25514	0
2026/08/05 09:51:05	21.25514	0
2026/08/05 10:20:47	21.35532	0
2026/08/05 10:50:23	21.55554	0
2026/08/05 11:20:05	21.7056	0
2026/08/05 11:49:47	21.80559	0
2026/08/05 12:19:32	21.7056	0
2026/08/05 12:49:20	21.7056	0
2026/08/05 13:18:57	21.65559	0
2026/08/05 13:48:39	21.60556	0
2026/08/05 14:18:24	21.45545	0
2026/08/05 14:48:06	21.55554	0
2026/08/05 15:17:58	21.55554	0
2026/08/05 15:47:37	21.55554	0
2026/08/05 16:17:22	21.60556	0
2026/08/05 16:46:58	21.60556	0
2026/08/05 17:16:39	21.65559	0
2026/08/05 17:46:28	21.7056	0
2026/08/05 18:16:11	21.60556	0
2026/08/05 18:45:48	21.60556	0
2026/08/05 19:15:45	21.7056	0
2026/08/05 19:45:22	21.7556	0
2026/08/05 20:15:05	21.9055	0
2026/08/05 20:44:49	22.05536	0
2026/08/05 21:14:30	21.95546	0
2026/08/05 21:44:06	21.9055	0
2026/08/05 22:13:51	21.95546	0
2026/08/05 22:43:32	22.0054	0
2026/08/05 23:13:14	22.9026	0
2026/08/05 23:43:03	22.15518	0
2026/08/06 00:12:46	22.15518	0
2026/08/06 00:42:31	22.25498	0
2026/08/06 01:12:11	22.30486	0
2026/08/06 01:41:55	22.15518	0
2026/08/06 02:11:39	22.15518	0
2026/08/06 02:41:14	22.10527	0
2026/08/06 03:11:03	22.0054	0
2026/08/06 03:40:48	21.85555	0
2026/08/06 04:10:23	21.7556	0
2026/08/06 04:40:13	21.60556	0
2026/08/06 05:09:58	21.50549	0
2026/08/06 05:39:39	21.45545	0
2026/08/06 06:09:28	21.50549	0
2026/08/06 06:39:08	21.50549	0
2026/08/06 07:08:51	21.45545	0
2026/08/06 07:38:32	21.45545	0
2026/08/06 08:08:11	21.4054	0
2026/08/06 08:38:01	21.45545	0
2026/08/06 09:07:36	21.50549	0
2026/08/06 09:37:28	21.60556	0
2026/08/06 10:07:10	21.55554	0
2026/08/06 10:36:53	21.60556	0
2026/08/06 11:06:32	21.60556	0
2026/08/06 11:36:17	21.7056	0
2026/08/06 12:06:01	21.7056	0
2026/08/06 12:35:44	21.7056	0
2026/08/06 13:05:23	21.65559	0
2026/08/06 13:35:03	21.7056	0
2026/08/06 14:04:46	21.65559	0
2026/08/06 14:34:33	21.65559	0
2026/08/06 15:04:16	21.65559	0
2026/08/06 15:34:00	21.65559	0
2026/08/06 16:03:36	21.60556	0
2026/08/06 16:33:27	21.55554	0
2026/08/06 17:03:03	21.60556	0
2026/08/06 17:32:45	21.60556	0
2026/08/06 18:02:35	21.7556	0
2026/08/06 18:32:17	21.80559	0
2026/08/06 19:02:06	21.80559	0
2026/08/06 19:31:46	21.80559	0
2026/08/06 20:01:20	22.10527	0
2026/08/06 20:31:03	22.0054	0
2026/08/06 21:00:46	22.15518	0
2026/08/06 21:30:35	22.25498	0
2026/08/06 22:00:11	22.15518	0
2026/08/06 22:29:54	21.7056	0
2026/08/06 22:59:38	21.7056	0
2026/08/06 23:29:21	21.80559	0
2026/08/06 23:59:15	22.0054	0
2026/08/07 00:28:55	21.9055	0
2026/08/07 00:58:30	21.95546	0
2026/08/07 01:28:22	22.05536	0
2026/08/07 01:58:04	22.10527	0
2026/08/07 02:27:48	22.05536	0
2026/08/07 02:57:29	22.10527	0
2026/08/07 03:27:06	22.0054	0
2026/08/07 03:56:49	21.95546	0
2026/08/07 04:26:39	21.95546	0
2026/08/07 04:56:16	21.7556	0
2026/08/07 05:26:06	21.7056	0
2026/08/07 05:55:48	21.65559	0
2026/08/07 06:25:25	21.7056	0
2026/08/07 06:55:16	21.65559	0
2026/08/07 07:24:59	21.7056	0
2026/08/07 07:54:35	21.7056	0
2026/08/07 08:24:18	21.7056	0
2026/08/07 09:23:44	21.7056	0
2026/08/07 09:53:26	21.50549	0
2026/08/07 10:23:17	21.65559	0
2026/08/07 10:52:53	21.55554	0
2026/08/07 11:22:42	21.55554	0
2026/08/07 11:52:23	21.55554	0
2026/08/07 12:22:03	21.55554	0
2026/08/07 12:51:45	21.60556	0
2026/08/07 13:21:27	21.9055	0
2026/08/07 13:51:11	22.05536	0
2026/08/07 14:20:52	22.0054	0
2026/08/07 14:50:41	21.95546	0
2026/08/07 15:20:25	22.05536	0
2026/08/07 15:50:02	21.95546	0
2026/08/07 16:19:52	22.0054	0
2026/08/07 16:49:34	22.05536	0
2026/08/07 17:19:11	22.10527	0
2026/08/07 18:18:44	22.70352	0
2026/08/07 18:48:25	22.50427	0
2026/08/07 19:18:03	22.65373	0
2026/08/07 19:47:51	22.40457	0
2026/08/07 20:17:28	22.45442	0
2026/08/07 20:47:20	22.60391	0
2026/08/07 21:16:55	22.80309	0
2026/08/07 21:46:44	23.05182	0
2026/08/07 22:16:28	23.2506	0
2026/08/07 22:46:14	23.15123	0
2026/08/07 23:15:47	23.20093	0
2026/08/07 23:45:30	23.10152	0
2026/08/08 00:15:19	22.9026	0
2026/08/08 00:44:56	22.9026	0
2026/08/08 01:14:45	22.95235	0
2026/08/08 01:44:29	23.20093	0
2026/08/08 02:14:03	23.15123	0
2026/08/08 02:43:48	23.00209	0
2026/08/08 03:13:36	23.05182	0
2026/08/08 03:43:19	23.10152	0
2026/08/08 04:12:56	23.00209	0
2026/08/08 04:42:38	22.85286	0
2026/08/08 05:12:22	22.70352	0
2026/08/08 05:42:04	22.60391	0
2026/08/08 06:11:52	22.45442	0
2026/08/08 06:41:39	22.50427	0
2026/08/08 07:11:12	22.40457	0
2026/08/08 07:41:00	22.30486	0
2026/08/08 08:10:42	22.30486	0
2026/08/08 08:40:26	22.40457	0
2026/08/08 09:10:09	22.60391	0
2026/08/08 09:39:45	22.55409	0
2026/08/08 10:09:34	22.60391	0
2026/08/08 10:39:10	22.35472	0
2026/08/08 11:08:53	22.35472	0
2026/08/08 11:38:42	22.35472	0
2026/08/08 12:08:18	22.20506	0
2026/08/08 12:38:01	22.20506	0
2026/08/08 13:07:48	22.20506	0
2026/08/08 13:37:27	22.25498	0
2026/08/08 14:07:17	22.0054	0
2026/08/08 14:36:58	21.95546	0
2026/08/08 15:06:35	21.7056	0
2026/08/08 15:36:23	21.55554	0
2026/08/08 16:06:10	21.60556	0
2026/08/08 16:35:47	21.95546	0
2026/08/08 17:05:33	22.0054	0
2026/08/08 17:35:09	22.25498	0
2026/08/08 18:04:57	22.35472	0
2026/08/08 18:34:41	22.70352	0
2026/08/08 19:04:18	22.70352	0
2026/08/08 19:34:06	22.9026	0
2026/08/08 20:03:49	22.65373	0
2026/08/08 20:33:32	22.7533	0
2026/08/08 21:03:19	22.65373	0
2026/08/08 21:32:58	22.65373	0
2026/08/08 22:02:41	22.45442	0
2026/08/08 22:32:17	22.45442	0
2026/08/08 23:02:06	22.35472	0
2026/08/08 23:31:50	22.15518	0
2026/08/09 00:01:27	22.20506	0
2026/08/09 00:31:15	22.20506	0
2026/08/09 01:00:52	22.0054	0
2026/08/09 02:00:18	21.85555	0
2026/08/09 02:30:01	21.7556	0
2026/08/09 02:59:52	21.85555	0
2026/08/09 03:29:33	21.9055	0
2026/08/09 03:59:15	21.85555	0
2026/08/09 04:28:59	21.95546	0
2026/08/09 04:58:34	21.85555	0
2026/08/09 05:28:19	21.60556	0
2026/08/09 05:58:07	21.55554	0
2026/08/09 06:27:45	21.50549	0
2026/08/09 06:57:33	21.65559	0
2026/08/09 07:27:18	21.55554	0
2026/08/09 07:56:57	21.55554	0
2026/08/09 08:26:34	21.45545	0
2026/08/09 09:26:08	21.55554	0
2026/08/09 09:55:40	21.50549	0
2026/08/09 10:25:23	21.50549	0
2026/08/09 10:55:07	21.50549	0
2026/08/09 11:24:49	21.65559	0
2026/08/09 11:54:37	21.65559	0
2026/08/09 12:24:23	21.65559	0
2026/08/09 12:54:04	21.65559	0
2026/08/09 13:23:41	21.7056	0
2026/08/09 13:53:23	21.65559	0
2026/08/09 14:23:06	21.55554	0
2026/08/09 14:52:57	21.45545	0
2026/08/09 15:22:39	21.45545	0
2026/08/09 15:52:14	21.45545	0
2026/08/09 16:22:02	21.50549	0
2026/08/09 16:51:46	21.35532	0
2026/08/09 17:21:28	21.30524	0
2026/08/09 17:51:12	21.30524	0
2026/08/09 18:20:48	21.30524	0
2026/08/09 18:50:30	21.35532	0
2026/08/09 19:20:13	21.45545	0
2026/08/09 19:50:00	21.30524	0
2026/08/09 20:19:45	21.35532	0
2026/08/09 20:49:22	21.4054	0
2026/08/09 21:19:11	21.55554	0
2026/08/09 21:48:54	21.55554	0
2026/08/09 22:18:30	21.7056	0
2026/08/09 22:48:19	21.7056	0
2026/08/09 23:17:56	21.60556	0
2026/08/09 23:47:39	21.50549	0
2026/08/10 00:17:27	21.4054	0
2026/08/10 00:47:12	21.55554	0
2026/08/10 01:16:48	21.60556	0
2026/08/10 01:46:37	21.50549	0
2026/08/10 02:16:13	21.50549	0
2026/08/10 02:45:56	21.45545	0
2026/08/10 03:15:39	21.45545	0
2026/08/10 03:45:20	21.45545	0
2026/08/10 04:15:10	21.50549	0
2026/08/10 04:44:56	21.50549	0
2026/08/10 05:14:29	21.50549	0
2026/08/10 05:44:12	21.45545	0
2026/08/10 06:14:04	21.4054	0
2026/08/10 06:43:39	21.50549	0
2026/08/10 07:13:22	21.45545	0
2026/08/10 07:43:05	21.45545	0
2026/08/10 08:12:48	21.50549	0
2026/08/10 08:42:29	21.85555	0
2026/08/10 09:12:20	21.9055	0
2026/08/10 09:41:55	21.80559	0
2026/08/10 10:11:49	21.65559	0
2026/08/10 10:41:26	21.7556	0
2026/08/10 11:11:10	21.95546	0
2026/08/10 11:40:47	22.55409	0
2026/08/10 12:10:36	23.30026	0
2026/08/10 12:40:25	23.3996	0
2026/08/10 13:09:54	23.54846	0
2026/08/10 13:39:43	23.3996	0
2026/08/10 14:09:19	23.49884	0
2026/08/10 14:39:07	23.49884	0
2026/08/10 15:08:43	23.49884	0
2026/08/10 15:38:32	23.44922	0
2026/08/10 16:08:08	23.59808	0
2026/08/10 16:37:51	23.54846	0
2026/08/10 17:07:39	23.3996	0
2026/08/10 17:37:15	23.20093	0
2026/08/10 18:07:06	23.10152	0
2026/08/10 18:36:42	23.15123	0
2026/08/10 19:06:25	23.20093	0
2026/08/10 19:36:07	23.20093	0
2026/08/10 20:05:49	23.10152	0
2026/08/10 20:35:39	22.80309	0
2026/08/10 21:05:15	22.65373	0
2026/08/10 21:34:57	22.50427	0
2026/08/10 22:04:39	22.50427	0
2026/08/10 22:34:23	22.55409	0
2026/08/10 23:04:12	22.65373	0
2026/08/10 23:33:54	22.65373	0
2026/08/11 00:03:31	22.50427	0
2026/08/11 00:33:22	22.30486	0
2026/08/11 01:03:07	22.30486	0
2026/08/11 01:32:41	22.30486	0
2026/08/11 02:02:29	22.35472	0
2026/08/11 02:32:09	22.35472	0
2026/08/11 03:01:47	22.35472	0
2026/08/11 03:31:37	22.25498	0
2026/08/11 04:01:13	22.30486	0
2026/08/11 04:30:57	22.25498	0
2026/08/11 05:00:45	22.35472	0
2026/08/11 05:30:22	22.40457	0
2026/08/11 06:00:12	22.40457	0
2026/08/11 06:29:48	22.35472	0
2026/08/11 06:59:31	22.40457	0
2026/08/11 07:29:13	22.55409	0
2026/08/11 08:28:44	22.25498	0
2026/08/11 09:28:11	22.40457	0
2026/08/11 09:57:46	22.65373	0
2026/08/11 10:27:36	23.20093	0
2026/08/11 10:57:21	23.30026	0
2026/08/11 11:26:59	23.30026	0
2026/08/11 11:56:44	23.20093	0
2026/08/11 12:26:27	23.2506	0
2026/08/11 12:56:04	23.05182	0
2026/08/11 13:25:46	23.10152	0
2026/08/11 13:55:29	23.20093	0
2026/08/11 14:25:21	23.15123	0
2026/08/11 14:54:54	23.30026	0
2026/08/11 15:24:37	23.34993	0
2026/08/11 15:54:25	23.34993	0
2026/08/11 16:24:02	23.3996	0
2026/08/11 16:53:44	23.3996	0
2026/08/11 17:23:34	23.30026	0
2026/08/11 17:53:10	23.30026	0
2026/08/11 18:22:59	23.30026	0
2026/08/11 18:52:34	23.34993	0
2026/08/11 19:22:19	23.30026	0
2026/08/11 19:51:58	23.30026	0
2026/08/11 20:21:47	23.2506	0
2026/08/11 20:51:23	23.2506	0
2026/08/11 21:21:06	23.2506	0
2026/08/11 21:50:48	23.05182	0
2026/08/11 22:50:20	22.9026	0
2026/08/11 23:20:01	22.85286	0
2026/08/11 23:49:46	22.85286	0
2026/08/12 00:19:21	22.85286	0
2026/08/12 00:49:10	22.85286	0
2026/08/12 01:18:52	22.85286	0
2026/08/12 01:48:35	22.80309	0
2026/08/12 02:18:16	22.9026	0
2026/08/12 02:47:54	22.9026	0
2026/08/12 03:17:44	22.95235	0
2026/08/12 03:47:19	22.95235	0
2026/08/12 04:17:02	22.95235	0
2026/08/12 04:46:51	23.00209	0
2026/08/12 05:16:28	23.10152	0
2026/08/12 05:46:17	23.10152	0
2026/08/12 06:15:52	23.15123	0
2026/08/12 06:45:40	23.10152	0
2026/08/12 07:15:26	23.00209	0
2026/08/12 07:45:00	23.05182	0
2026/08/12 08:14:43	23.05182	0
2026/08/12 08:44:26	23.00209	0
2026/08/12 09:15:37	23.10152	0
2026/08/12 09:43:51	23.05182	0
2026/08/12 10:13:33	23.00209	0
2026/08/12 10:43:24	22.9026	0
2026/08/12 11:13:04	22.9026	0
2026/08/12 11:42:41	22.9026	0
2026/08/12 12:12:30	22.9026	0
2026/08/12 12:42:07	22.95235	0
2026/08/12 13:11:54	23.00209	0
2026/08/12 13:41:32	23.20093	0
2026/08/12 14:11:22	23.2506	0
2026/08/12 15:10:46	23.44922	0
2026/08/12 15:40:23	23.54846	0
2026/08/12 16:10:12	23.69728	0
2026/08/12 16:39:55	23.59808	0
2026/08/12 17:09:32	23.44922	0
2026/08/12 17:39:22	23.20093	0
2026/08/12 18:08:58	23.44922	0
2026/08/12 18:38:39	23.2506	0
2026/08/12 19:08:23	23.15123	0
2026/08/12 19:38:07	23.05182	0
2026/08/12 20:07:49	23.05182	0
2026/08/12 20:37:39	23.05182	0
2026/08/12 21:07:14	22.9026	0
2026/08/12 21:37:04	22.9026	0
2026/08/12 22:06:40	22.80309	0
2026/08/12 22:36:28	22.80309	0
2026/08/12 23:06:05	22.85286	0
2026/08/12 23:35:55	22.7533	0
2026/08/13 00:05:31	22.80309	0
2026/08/13 00:35:19	22.70352	0
2026/08/13 01:05:03	22.7533	0
2026/08/13 01:34:43	22.7533	0
2026/08/13 02:04:31	22.80309	0
2026/08/13 02:34:10	22.80309	0
2026/08/13 03:03:46	22.80309	0
2026/08/13 03:33:35	22.80309	0
2026/08/13 04:03:11	22.80309	0
2026/08/13 04:32:59	22.7533	0
2026/08/13 05:02:36	22.80309	0
2026/08/13 05:32:19	22.7533	0
2026/08/13 06:02:08	22.70352	0
2026/08/13 06:31:46	22.7533	0
2026/08/13 07:01:29	22.7533	0
2026/08/13 07:31:19	22.60391	0
2026/08/13 08:00:54	22.65373	0
2026/08/13 08:30:37	22.65373	0
2026/08/13 09:01:29	22.65373	0
2026/08/13 09:30:04	22.70352	0
2026/08/13 09:59:51	22.60391	0
2026/08/13 10:29:29	22.65373	0
2026/08/13 10:59:18	22.65373	0
2026/08/13 11:28:55	22.70352	0
2026/08/13 11:58:46	22.7533	0
2026/08/13 12:28:24	22.85286	0
2026/08/13 12:58:14	22.85286	0
2026/08/13 13:27:52	23.2506	0
2026/08/13 13:57:27	23.49884	0
2026/08/13 14:27:16	23.69728	0
2026/08/13 14:57:00	23.69728	0
2026/08/13 15:26:42	23.74686	0
2026/08/13 15:56:23	23.79643	0
2026/08/13 16:26:01	23.69728	0
2026/08/13 16:55:50	23.54846	0
2026/08/13 17:25:41	23.64768	0
2026/08/13 17:55:14	23.54846	0
2026/08/13 18:24:52	23.64768	0
2026/08/13 18:54:42	23.69728	0
2026/08/13 19:24:27	23.64768	0
2026/08/13 19:54:07	23.69728	0
2026/08/13 20:23:47	23.64768	0
2026/08/13 20:53:32	23.44922	0
2026/08/13 21:23:12	23.3996	0
2026/08/13 21:52:56	23.00209	0
2026/08/13 22:22:38	22.9026	0
2026/08/13 22:52:20	22.80309	0
2026/08/13 23:21:58	22.85286	0
2026/08/13 23:51:47	22.80309	0
2026/08/14 00:21:23	22.80309	0
2026/08/14 00:51:11	22.80309	0
2026/08/14 01:20:48	22.85286	0
2026/08/14 01:50:38	22.95235	0
2026/08/14 02:20:18	23.00209	0
2026/08/14 02:49:57	22.95235	0
2026/08/14 03:19:45	23.00209	0
2026/08/14 03:49:27	22.9026	0
2026/08/14 04:19:09	22.9026	0
2026/08/14 04:48:46	22.95235	0
2026/08/14 05:18:36	22.85286	0
2026/08/14 05:48:11	22.85286	0
2026/08/14 06:18:05	22.80309	0
2026/08/14 06:47:37	22.7533	0
2026/08/14 07:17:26	22.70352	0
2026/08/14 07:47:02	22.65373	0
2026/08/14 08:16:45	22.70352	0
2026/08/14 08:46:28	22.7533	0
2026/08/14 09:16:19	22.7533	0
2026/08/14 09:45:55	22.7533	0
2026/08/14 10:15:43	22.80309	0
2026/08/14 10:45:34	22.80309	0
2026/08/14 11:15:14	22.9026	0
2026/08/14 12:14:34	22.85286	0
2026/08/14 12:44:19	22.95235	0
2026/08/14 13:13:59	22.95235	0
2026/08/14 13:43:46	23.05182	0
2026/08/14 14:13:25	23.15123	0
2026/08/14 14:43:07	23.20093	0
2026/08/14 15:12:44	23.2506	0
2026/08/14 15:42:27	23.10152	0
2026/08/14 16:12:16	23.2506	0
2026/08/14 16:41:53	23.20093	0
2026/08/14 17:11:35	23.30026	0
2026/08/14 17:41:26	23.15123	0
2026/08/14 18:11:11	23.05182	0
2026/08/14 18:40:44	23.00209	0
2026/08/14 19:10:32	23.05182	0
2026/08/14 19:40:14	23.05182	0
2026/08/14 20:09:58	23.10152	0
2026/08/14 20:39:34	23.05182	0
2026/08/14 21:09:24	23.00209	0
2026/08/14 21:39:00	23.00209	0
2026/08/14 22:08:50	22.95235	0
2026/08/14 23:08:07	22.95235	0
2026/08/14 23:37:56	22.95235	0
2026/08/15 00:07:33	22.95235	0
2026/08/15 00:37:23	22.9026	0
2026/08/15 01:07:03	22.9026	0
2026/08/15 01:36:45	22.95235	0
2026/08/15 02:06:23	22.9026	0
2026/08/15 02:36:12	23.05182	0
2026/08/15 03:05:48	22.9026	0
2026/08/15 03:35:37	23.00209	0
2026/08/15 05:04:39	22.9026	0
2026/08/15 05:34:29	22.9026	0
2026/08/15 06:04:20	22.9026	0
2026/08/15 06:33:54	22.9026	0
2026/08/15 07:03:31	22.80309	0
2026/08/15 07:33:20	22.7533	0
2026/08/15 08:02:57	22.7533	0
2026/08/15 08:32:39	22.7533	0
2026/08/15 09:03:39	22.9026	0
2026/08/15 09:32:11	22.95235	0
2026/08/15 10:01:52	22.9026	0
2026/08/15 10:31:36	23.10152	0
2026/08/15 11:01:11	23.15123	0
2026/08/15 11:31:02	23.10152	0
2026/08/15 12:00:42	23.15123	0
2026/08/15 12:30:19	23.15123	0
2026/08/15 13:00:08	23.15123	0
2026/08/15 13:29:45	23.15123	0
2026/08/15 13:59:34	23.15123	0
2026/08/15 14:29:17	23.20093	0
2026/08/15 14:58:53	23.15123	0
2026/08/15 15:28:36	23.2506	0
2026/08/15 15:58:18	23.20093	0
2026/08/15 16:28:01	23.30026	0
2026/08/15 16:57:44	23.30026	0
2026/08/15 17:27:40	23.20093	0
2026/08/15 17:57:15	23.20093	0
2026/08/15 18:26:52	23.2506	0
2026/08/15 18:56:42	23.2506	0
2026/08/15 19:26:24	23.2506	0
2026/08/15 19:56:01	23.30026	0
2026/08/15 20:25:43	23.2506	0
2026/08/15 20:55:32	23.2506	0
2026/08/15 21:25:15	23.3996	0
2026/08/15 21:54:51	23.34993	0
2026/08/15 22:24:42	23.34993	0
2026/08/15 22:54:22	23.30026	0
2026/08/15 23:24:09	23.2506	0
2026/08/16 00:23:30	23.15123	0
2026/08/16 00:53:17	23.15123	0
2026/08/16 01:22:57	23.44922	0
2026/08/16 01:52:47	23.30026	0
2026/08/16 02:22:20	23.20093	0
2026/08/16 02:52:05	23.05182	0
2026/08/16 03:21:41	22.95235	0
2026/08/16 03:51:32	23.05182	0
2026/08/16 04:21:06	22.95235	0
2026/08/16 04:50:53	23.10152	0
2026/08/16 05:20:44	22.95235	0
2026/08/16 05:50:16	22.9026	0
2026/08/16 06:20:07	22.9026	0
2026/08/16 06:49:42	23.00209	0
2026/08/16 07:19:33	22.95235	0
2026/08/16 07:49:18	22.95235	0
2026/08/16 08:18:58	23.00209	0
2026/08/16 08:48:40	22.95235	0
2026/08/16 09:18:24	22.95235	0
2026/08/16 09:48:07	23.00209	0
2026/08/16 10:17:49	23.05182	0
2026/08/16 10:47:25	23.00209	0
2026/08/16 11:17:14	23.00209	0
2026/08/16 11:46:51	23.05182	0
2026/08/16 12:16:39	23.10152	0
2026/08/16 12:46:16	23.20093	0
2026/08/16 13:16:06	23.15123	0
2026/08/16 13:45:42	23.20093	0
2026/08/16 14:15:25	23.20093	0
2026/08/16 14:45:15	23.2506	0
2026/08/16 15:15:00	23.34993	0
2026/08/16 15:44:40	23.3996	0
2026/08/16 16:14:26	23.3996	0
2026/08/16 16:43:59	23.44922	0
2026/08/16 17:13:48	23.49884	0
2026/08/16 17:43:28	23.64768	0
2026/08/16 18:13:12	23.59808	0
2026/08/16 18:42:56	23.69728	0
2026/08/16 19:12:33	23.84598	0
2026/08/16 19:42:22	23.79643	0
2026/08/16 20:11:57	23.79643	0
2026/08/16 20:41:46	23.84598	0
2026/08/16 21:11:23	23.89552	0
2026/08/16 21:41:12	24.0441	0
2026/08/16 22:40:33	23.94505	0
2026/08/16 23:10:22	23.94505	0
2026/08/16 23:40:02	23.89552	0
2026/08/17 00:09:41	23.84598	0
2026/08/17 00:39:24	23.84598	0
2026/08/17 01:09:15	23.64768	0
2026/08/17 01:38:50	23.69728	0
2026/08/17 02:08:38	23.49884	0
2026/08/17 02:38:15	23.3996	0
2026/08/17 03:07:59	23.3996	0
2026/08/17 03:37:48	23.3996	0
2026/08/17 04:09:00	23.49884	0
2026/08/17 04:37:14	23.44922	0
2026/08/17 05:06:51	23.34993	0
2026/08/17 05:36:34	23.20093	0
2026/08/17 06:06:17	23.2506	0
2026/08/17 06:36:07	23.30026	0
2026/08/17 07:05:43	23.30026	0
2026/08/17 07:35:33	23.30026	0
2026/08/17 08:05:09	23.30026	0
2026/08/17 08:34:58	23.2506	0
2026/08/17 09:04:44	23.3996	0
2026/08/17 09:34:18	23.30026	0
2026/08/17 10:04:02	23.34993	0
2026/08/17 10:33:49	23.30026	0
2026/08/17 11:03:32	23.34993	0
2026/08/17 11:33:18	23.3996	0
2026/08/17 12:02:58	23.3996	0
2026/08/17 12:32:35	23.34993	0
2026/08/17 13:02:24	23.44922	0
2026/08/17 13:32:05	23.44922	0
2026/08/17 14:01:43	23.49884	0
2026/08/17 14:31:25	23.49884	0
2026/08/17 15:01:16	23.49884	0
2026/08/17 15:30:52	23.49884	0
2026/08/17 16:00:40	23.54846	0
2026/08/17 16:30:17	23.44922	0
2026/08/17 17:00:01	23.44922	0
2026/08/17 17:29:51	23.49884	0
2026/08/17 17:59:26	23.59808	0
2026/08/17 18:29:16	23.59808	0
2026/08/17 18:58:57	23.64768	0
2026/08/17 19:28:43	23.64768	0
2026/08/17 19:58:18	23.64768	0
2026/08/17 20:28:16	23.64768	0
2026/08/17 20:57:49	23.79643	0
2026/08/17 21:27:35	23.89552	0
2026/08/17 21:57:11	23.89552	0
2026/08/17 22:26:59	23.99458	0
2026/08/17 22:56:43	24.0936	0
2026/08/17 23:26:20	24.0936	0
2026/08/17 23:56:10	24.0936	0
2026/08/18 00:25:45	24.14313	0
2026/08/18 00:55:28	24.14313	0
2026/08/18 01:25:19	23.99458	0
2026/08/18 01:54:53	23.94505	0
2026/08/18 02:24:44	23.99458	0
2026/08/18 02:54:19	24.0441	0
2026/08/18 03:24:09	23.99458	0
2026/08/18 03:53:52	23.99458	0
2026/08/18 04:23:28	23.89552	0
2026/08/18 04:53:16	23.69728	0
2026/08/18 05:22:53	23.54846	0
2026/08/18 05:52:37	23.49884	0
2026/08/18 06:22:26	23.49884	0
2026/08/18 06:52:02	23.59808	0
2026/08/18 07:21:51	23.54846	0
2026/08/18 07:51:28	23.54846	0
2026/08/18 08:21:17	23.54846	0
2026/08/18 08:50:53	23.44922	0
2026/08/18 09:20:36	23.34993	0
2026/08/18 09:50:19	23.54846	0
2026/08/18 10:20:08	23.49884	0
2026/08/18 10:49:51	23.54846	0
2026/08/18 11:19:31	23.49884	0
2026/08/18 11:49:11	23.54846	0
2026/08/18 12:19:05	23.54846	0
2026/08/18 12:48:36	23.59808	0
2026/08/18 13:18:24	23.64768	0
2026/08/18 13:48:07	23.64768	0
2026/08/18 14:17:52	23.79643	0
2026/08/18 14:47:26	23.54846	0
2026/08/18 15:17:15	23.64768	0
2026/08/18 15:46:58	23.64768	0
2026/08/18 16:16:41	23.44922	0
2026/08/18 16:46:25	23.54846	0
2026/08/18 17:16:05	23.3996	0
2026/08/18 17:45:54	23.54846	0
2026/08/18 18:15:31	23.59808	0
2026/08/18 18:45:09	23.54846	0
2026/08/18 19:14:51	23.3996	0
2026/08/18 19:44:41	23.54846	0
2026/08/18 20:14:17	23.74686	0
2026/08/18 20:44:07	23.69728	0
2026/08/18 21:13:43	23.74686	0
2026/08/18 21:43:26	23.89552	0
2026/08/18 22:13:08	23.89552	0
2026/08/18 22:42:51	23.94505	0
2026/08/18 23:12:42	23.89552	0
2026/08/18 23:42:22	23.94505	0
2026/08/19 00:12:00	24.0441	0
2026/08/19 00:41:48	24.0936	0
2026/08/19 01:11:26	23.99458	0
2026/08/19 01:41:18	24.0936	0
2026/08/19 02:10:57	23.84598	0
2026/08/19 02:40:34	23.74686	0
2026/08/19 03:10:18	23.74686	0
2026/08/19 03:40:07	23.64768	0
2026/08/19 04:09:43	23.54846	0
2026/08/19 04:39:27	23.59808	0
2026/08/19 05:09:15	23.59808	0
2026/08/19 05:38:51	23.59808	0
2026/08/19 06:08:44	23.54846	0
2026/08/19 06:38:18	23.74686	0
2026/08/19 07:08:01	23.59808	0
2026/08/19 07:37:52	23.49884	0
2026/08/19 08:07:33	23.59808	0
2026/08/19 08:37:11	23.54846	0
2026/08/19 09:07:00	23.59808	0
2026/08/19 09:36:35	23.64768	0
2026/08/19 10:06:23	23.44922	0
2026/08/19 10:36:01	23.49884	0
2026/08/19 11:05:45	23.30026	0
2026/08/19 11:35:33	23.34993	0
2026/08/19 12:05:10	23.44922	0
2026/08/19 12:35:04	23.20093	0
2026/08/19 13:04:35	23.30026	0
2026/08/19 13:34:19	23.30026	0
2026/08/19 14:04:07	23.3996	0
2026/08/19 14:33:44	23.34993	0
2026/08/19 15:03:27	23.34993	0
2026/08/19 15:33:10	23.34993	0
2026/08/19 16:02:53	23.30026	0
2026/08/19 16:32:37	23.30026	0
2026/08/19 17:02:25	23.30026	0
2026/08/19 17:32:09	23.30026	0
2026/08/19 18:01:53	23.30026	0
2026/08/19 18:31:29	23.30026	0
2026/08/19 19:01:11	23.30026	0
2026/08/19 19:30:55	23.34993	0
2026/08/19 20:00:45	23.69728	0
2026/08/19 20:30:21	23.94505	0
2026/08/19 21:00:10	24.0441	0
2026/08/19 21:29:52	24.14313	0
2026/08/19 21:59:31	24.1926	0
2026/08/19 22:29:14	24.0936	0
2026/08/19 22:59:04	24.1926	0
2026/08/19 23:28:41	24.34099	0
2026/08/19 23:58:25	24.43988	0
2026/08/20 00:28:08	24.58812	0
2026/08/20 00:57:56	24.68689	0
2026/08/20 01:27:34	24.83498	0
2026/08/20 01:57:23	24.98297	0
2026/08/20 02:27:01	25.0323	0
2026/08/20 02:56:43	25.0816	0
2026/08/20 03:26:34	24.93367	0
2026/08/20 03:56:11	24.58812	0
2026/08/20 04:25:53	24.39044	0
2026/08/20 04:55:44	24.24207	0
2026/08/20 05:25:30	24.24207	0
2026/08/20 05:55:09	24.1926	0
2026/08/20 06:24:53	24.1926	0
2026/08/20 06:54:30	23.99458	0
2026/08/20 07:24:13	24.0936	0
2026/08/20 07:53:57	23.99458	0
2026/08/20 08:23:40	24.29155	0
2026/08/20 08:53:29	23.99458	0
2026/08/20 09:23:12	24.0441	0
2026/08/20 09:52:55	24.0936	0
2026/08/20 10:22:32	23.89552	0
2026/08/20 10:52:20	23.89552	0
2026/08/20 11:21:57	23.84598	0
2026/08/20 11:51:41	23.84598	0
2026/08/20 12:21:30	23.74686	0
2026/08/20 12:51:18	23.84598	0
2026/08/20 13:20:49	23.79643	0
2026/08/20 13:50:32	23.84598	0
2026/08/20 14:20:14	23.84598	0
2026/08/20 14:50:04	23.74686	0
2026/08/20 15:19:49	23.69728	0
2026/08/20 15:49:22	23.69728	0
2026/08/20 16:19:09	23.69728	0
2026/08/20 16:48:47	23.69728	0
2026/08/20 17:18:36	23.79643	0
2026/08/20 17:48:20	23.74686	0
2026/08/20 18:18:01	23.79643	0
2026/08/20 18:47:45	23.74686	0
2026/08/20 19:17:21	23.89552	0
2026/08/20 19:47:09	23.99458	0
2026/08/20 20:16:46	23.99458	0
2026/08/20 20:46:40	24.14313	0
2026/08/20 21:16:13	24.1926	0
2026/08/20 21:46:01	24.29155	0
2026/08/20 22:15:47	24.53871	0
2026/08/20 22:45:21	24.4893	0
2026/08/20 23:15:08	24.53871	0
2026/08/20 23:44:46	24.78563	0
2026/08/21 00:14:36	24.83498	0
2026/08/21 00:44:11	24.93367	0
2026/08/21 01:14:01	25.13088	0
2026/08/21 01:43:51	24.68689	0
2026/08/21 02:13:25	24.4893	0
2026/08/21 02:43:02	24.24207	0
2026/08/21 03:12:45	24.0936	0
2026/08/21 03:42:31	24.1926	0
2026/08/21 04:12:10	23.94505	0
2026/08/21 04:41:58	23.89552	0
2026/08/21 05:11:35	23.84598	0
2026/08/21 05:41:20	23.79643	0
2026/08/21 06:11:05	23.74686	0
2026/08/21 06:40:44	23.59808	0
2026/08/21 07:10:38	23.84598	0
2026/08/21 07:40:14	23.79643	0
2026/08/21 08:09:51	23.69728	0
2026/08/21 08:39:39	23.74686	0
2026/08/21 09:09:22	23.69728	0
2026/08/21 09:38:59	23.79643	0
2026/08/21 10:08:43	23.94505	0
2026/08/21 10:38:31	23.84598	0
2026/08/21 11:08:08	23.94505	0
2026/08/21 11:37:57	24.0441	0
2026/08/21 12:07:31	24.0936	0
2026/08/21 12:37:14	24.1926	0
2026/08/21 13:06:58	24.24207	0
2026/08/21 13:36:47	24.1926	0
2026/08/21 14:06:27	24.1926	0
2026/08/21 14:36:06	24.14313	0
2026/08/21 15:05:55	24.1926	0
2026/08/21 15:35:43	24.24207	0
2026/08/21 16:05:14	24.73627	0
2026/08/21 16:35:07	24.78563	0
2026/08/21 17:04:39	24.68689	0
2026/08/21 17:34:28	24.53871	0
2026/08/21 18:04:05	24.24207	0
2026/08/21 18:33:48	23.69728	0
2026/08/21 19:03:31	23.69728	0
2026/08/21 19:33:24	23.69728	0
2026/08/21 20:02:56	23.69728	0
2026/08/21 20:32:44	23.59808	0
2026/08/21 21:02:22	23.74686	0
2026/08/21 21:32:10	23.69728	0
2026/08/21 22:01:48	23.69728	0
2026/08/21 22:31:31	23.79643	0
2026/08/21 23:01:13	23.74686	0
2026/08/21 23:31:01	23.69728	0
2026/08/22 00:00:39	23.69728	0
2026/08/22 00:30:21	23.74686	0
2026/08/22 01:00:03	23.74686	0
2026/08/22 01:29:53	23.89552	0
2026/08/22 01:59:37	24.0441	0
2026/08/22 02:29:22	24.39044	0
2026/08/22 02:59:00	24.4893	0
2026/08/22 03:28:43	24.29155	0
2026/08/22 03:58:20	24.29155	0
2026/08/22 04:28:04	24.34099	0
2026/08/22 04:57:46	24.1926	0
2026/08/22 05:27:29	24.0936	0
2026/08/22 05:57:20	24.0441	0
2026/08/22 06:26:57	23.94505	0
2026/08/22 06:56:46	23.99458	0
2026/08/22 07:26:22	23.99458	0
2026/08/22 07:56:05	23.94505	0
2026/08/22 08:25:53	23.89552	0
2026/08/22 09:25:22	23.79643	0
2026/08/22 09:54:57	23.69728	0
2026/08/22 10:24:45	23.74686	0
2026/08/22 10:54:31	23.64768	0
2026/08/22 11:24:11	23.59808	0
2026/08/22 11:53:49	23.54846	0
2026/08/22 12:23:30	23.59808	0
2026/08/22 12:53:18	23.69728	0
2026/08/22 13:23:02	23.44922	0
2026/08/22 13:52:45	23.34993	0
2026/08/22 14:22:27	23.20093	0
2026/08/22 14:52:04	23.2506	0
2026/08/22 15:21:47	23.30026	0
2026/08/22 15:51:36	23.3996	0
2026/08/22 16:21:14	23.64768	0
2026/08/22 16:50:56	23.20093	0
2026/08/22 17:20:46	23.05182	0
2026/08/22 17:50:29	23.2506	0
2026/08/22 18:20:17	23.3996	0
2026/08/22 18:49:49	23.3996	0
2026/08/22 19:19:39	23.44922	0
2026/08/22 19:49:15	23.54846	0
2026/08/22 20:19:04	23.59808	0
2026/08/22 20:48:40	23.64768	0
2026/08/22 21:18:23	23.59808	0
2026/08/22 21:48:12	23.59808	0
2026/08/22 22:17:56	23.59808	0
2026/08/22 22:47:37	23.74686	0
2026/08/22 23:17:14	23.89552	0
2026/08/22 23:47:03	24.0936	0
2026/08/23 00:16:40	23.74686	0
2026/08/23 00:46:23	23.54846	0
2026/08/23 01:16:11	23.69728	0
2026/08/23 01:45:48	23.69728	0
2026/08/23 02:15:35	23.69728	0
2026/08/23 02:45:23	23.64768	0
2026/08/23 03:14:56	23.59808	0
2026/08/23 03:44:44	23.69728	0
2026/08/23 04:14:27	23.64768	0
2026/08/23 04:44:05	23.64768	0
2026/08/23 05:13:48	23.84598	0
2026/08/23 05:43:29	23.84598	0
2026/08/23 06:13:13	23.79643	0
2026/08/23 06:43:02	23.64768	0
2026/08/23 07:12:39	23.59808	0
2026/08/23 07:42:23	23.64768	0
2026/08/23 08:12:05	23.64768	0
2026/08/23 08:41:48	23.59808	0
2026/08/23 09:11:31	23.54846	0
2026/08/23 09:41:20	23.54846	0
2026/08/23 10:10:57	23.54846	0
2026/08/23 10:40:40	23.54846	0
2026/08/23 11:10:23	23.64768	0
2026/08/23 11:40:13	23.59808	0
2026/08/23 12:09:48	23.54846	0
2026/08/23 12:39:41	23.59808	0
2026/08/23 13:09:13	23.59808	0
2026/08/23 13:39:02	23.64768	0
2026/08/23 14:08:52	23.54846	0
2026/08/23 14:38:27	23.44922	0
2026/08/23 15:08:17	23.49884	0
2026/08/23 15:37:52	23.49884	0
2026/08/23 16:07:37	23.54846	0
2026/08/23 16:37:19	23.64768	0
2026/08/23 17:06:56	23.69728	0
2026/08/23 17:36:46	23.64768	0
2026/08/23 18:06:24	23.64768	0
2026/08/23 18:36:12	23.69728	0
2026/08/23 19:05:47	23.69728	0
2026/08/23 19:35:30	23.79643	0
2026/08/23 20:05:22	23.84598	0
2026/08/23 20:34:56	23.89552	0
2026/08/23 21:04:39	23.94505	0
2026/08/23 21:34:27	23.99458	0
2026/08/23 22:04:12	23.84598	0
2026/08/23 22:33:48	23.84598	0
2026/08/23 23:03:30	23.89552	0
2026/08/23 23:33:19	23.89552	0
2026/08/24 00:03:06	23.89552	0
2026/08/24 00:32:40	23.84598	0
2026/08/24 01:02:27	23.79643	0
2026/08/24 01:32:06	24.0441	0
2026/08/24 02:01:48	24.1926	0
2026/08/24 02:31:34	23.99458	0
2026/08/24 03:01:14	24.0936	0
2026/08/24 03:31:03	24.24207	0
2026/08/24 04:00:46	24.14313	0
2026/08/24 04:30:25	24.29155	0
2026/08/24 05:00:07	24.34099	0
2026/08/24 05:29:50	24.24207	0
2026/08/24 05:59:40	24.24207	0
2026/08/24 06:29:28	24.0936	0
2026/08/24 06:58:59	24.0441	0
2026/08/24 07:28:49	23.89552	0
2026/08/24 07:58:32	23.89552	0
2026/08/24 08:28:08	23.89552	0
2026/08/24 09:27:34	23.89552	0
2026/08/24 09:57:19	23.99458	0
2026/08/24 10:27:08	23.94505	0
2026/08/24 10:56:41	23.94505	0
2026/08/24 11:26:23	23.89552	0
2026/08/24 11:56:06	24.0441	0
2026/08/24 12:25:50	23.94505	0
2026/08/24 12:55:38	23.94505	0
2026/08/24 13:25:15	23.89552	0
2026/08/24 13:54:56	24.0441	0
2026/08/24 14:24:40	24.14313	0
2026/08/24 14:54:28	24.0936	0
2026/08/24 15:24:05	24.0936	0
2026/08/24 15:53:48	24.24207	0
2026/08/24 16:23:36	24.1926	0
2026/08/24 16:53:24	24.29155	0
2026/08/24 17:23:02	24.1926	0
2026/08/24 17:52:46	24.29155	0
2026/08/24 18:22:22	24.39044	0
2026/08/24 19:21:48	24.29155	0
2026/08/24 19:51:36	24.39044	0
2026/08/24 20:21:14	24.43988	0
2026/08/24 20:50:57	24.53871	0
2026/08/24 21:50:23	24.53871	0
2026/08/24 22:20:12	24.63751	0
2026/08/24 22:49:57	24.58812	0
2026/08/24 23:19:39	24.68689	0
2026/08/24 23:49:15	24.88434	0
2026/08/25 00:18:58	24.83498	0
2026/08/25 00:48:46	25.0816	0
2026/08/25 01:18:32	25.18016	0
2026/08/25 01:48:12	25.0816	0
2026/08/25 02:17:57	25.18016	0
2026/08/25 02:47:31	25.18016	0
2026/08/25 03:17:20	25.18016	0
2026/08/25 03:47:04	25.27869	0
2026/08/25 04:16:40	25.0323	0
2026/08/25 04:46:22	24.93367	0
2026/08/25 05:16:06	24.98297	0
2026/08/25 05:45:49	24.83498	0
2026/08/25 06:15:41	24.93367	0
2026/08/25 06:45:24	24.68689	0
2026/08/25 07:15:06	24.73627	0
2026/08/25 07:44:44	24.63751	0
2026/08/25 08:14:27	24.58812	0
2026/08/25 08:44:15	24.63751	0
2026/08/25 09:13:53	24.53871	0
2026/08/25 09:43:36	24.4893	0
2026/08/25 10:13:30	24.29155	0
2026/08/25 10:43:07	24.39044	0
2026/08/25 11:12:51	24.4893	0
2026/08/25 11:42:30	24.43988	0
2026/08/25 12:12:10	24.4893	0
2026/08/25 12:42:01	24.4893	0
2026/08/25 13:11:42	24.43988	0
2026/08/25 13:41:25	24.39044	0
2026/08/25 14:11:02	24.39044	0
2026/08/25 14:40:45	24.43988	0
2026/08/25 15:10:28	24.39044	0
2026/08/25 15:40:17	24.53871	0
2026/08/25 16:10:02	24.68689	0
2026/08/25 16:39:36	24.83498	0
2026/08/25 17:09:21	24.88434	0
2026/08/25 17:39:11	24.98297	0
2026/08/25 18:08:46	24.78563	0
2026/08/25 18:38:29	24.58812	0
2026/08/25 19:08:19	24.78563	0
2026/08/25 19:38:02	24.68689	0
2026/08/25 20:07:38	24.78563	0
2026/08/25 20:37:28	24.53871	0
2026/08/25 21:07:04	24.4893	0
2026/08/25 21:36:53	24.58812	0
2026/08/25 22:06:37	24.73627	0
2026/08/25 22:36:13	24.68689	0
2026/08/25 23:05:56	24.63751	0
2026/08/25 23:35:45	24.58812	0
2026/08/26 00:05:29	24.4893	0
2026/08/26 00:35:05	24.58812	0
2026/08/26 01:04:55	24.68689	0
2026/08/26 01:34:37	24.73627	0
2026/08/26 02:04:14	24.78563	0
2026/08/26 02:34:04	24.78563	0
2026/08/26 03:03:46	24.88434	0
2026/08/26 03:33:23	24.88434	0
2026/08/26 04:03:06	24.98297	0
2026/08/26 04:32:50	25.0816	0
2026/08/26 05:02:32	25.13088	0
2026/08/26 05:32:22	24.98297	0
2026/08/26 06:02:06	24.98297	0
2026/08/26 06:31:55	25.22943	0
2026/08/26 07:01:26	25.13088	0
2026/08/26 07:31:14	25.22943	0
2026/08/26 08:00:58	25.27869	0
2026/08/26 08:30:36	25.13088	0
2026/08/26 09:01:31	24.78563	0
2026/08/26 09:30:07	24.73627	0
2026/08/26 09:59:45	24.58812	0
2026/08/26 10:29:33	24.68689	0
2026/08/26 10:59:11	24.53871	0
2026/08/26 11:28:55	24.4893	0
2026/08/26 11:58:42	24.29155	0
2026/08/26 12:28:28	24.24207	0
2026/08/26 12:58:03	24.43988	0
2026/08/26 13:27:52	24.34099	0
2026/08/26 13:57:30	24.4893	0
2026/08/26 14:27:12	24.43988	0
2026/08/26 14:57:01	24.4893	0
2026/08/26 15:26:37	24.39044	0
2026/08/26 15:56:27	24.34099	0
2026/08/26 16:26:03	24.34099	0
2026/08/26 16:55:52	24.29155	0
2026/08/26 17:25:35	24.68689	0
2026/08/26 17:55:12	24.63751	0
2026/08/26 18:25:00	24.43988	0
2026/08/26 18:54:46	24.34099	0
2026/08/26 19:24:21	24.29155	0
2026/08/26 19:54:03	24.4893	0
2026/08/26 20:23:52	24.29155	0
2026/08/26 20:53:35	24.14313	0
2026/08/26 21:23:13	24.34099	0
2026/08/26 21:53:00	24.43988	0
2026/08/26 22:22:42	24.39044	0
2026/08/26 22:52:20	23.99458	0
2026/08/26 23:22:11	24.0936	0
2026/08/26 23:51:46	23.94505	0
2026/08/27 00:21:36	24.14313	0
2026/08/27 00:51:19	24.1926	0
2026/08/27 01:21:00	24.14313	0
2026/08/27 01:50:38	24.0936	0
2026/08/27 02:20:21	23.99458	0
2026/08/27 02:50:04	24.14313	0
2026/08/27 03:19:46	24.0441	0
2026/08/27 03:49:30	23.99458	0
2026/08/27 04:19:16	24.0936	0
2026/08/27 04:48:56	24.0936	0
2026/08/27 05:18:45	24.14313	0
2026/08/27 05:48:28	24.0441	0
2026/08/27 06:18:07	24.34099	0
2026/08/27 06:47:56	24.34099	0
2026/08/27 07:17:39	24.4893	0
2026/08/27 07:47:15	24.4893	0
2026/08/27 08:17:04	24.43988	0
2026/08/27 08:46:42	24.24207	0
2026/08/27 09:16:32	24.14313	0
2026/08/27 09:46:13	24.24207	0
2026/08/27 10:15:50	24.29155	0
2026/08/27 10:45:39	24.29155	0
2026/08/27 11:15:15	24.39044	0
2026/08/27 11:45:06	24.39044	0
2026/08/27 12:14:43	24.39044	0
2026/08/27 12:44:32	23.84598	0
2026/08/27 13:14:16	23.94505	0
2026/08/27 13:43:55	23.84598	0
2026/08/27 14:13:33	23.74686	0
2026/08/27 14:43:16	23.79643	0
2026/08/27 15:13:04	23.59808	0
2026/08/27 15:42:52	23.64768	0
2026/08/27 16:12:25	23.49884	0
2026/08/27 16:42:08	23.79643	0
2026/08/27 17:11:57	23.69728	0
2026/08/27 17:41:33	23.74686	0
2026/08/27 18:11:17	23.59808	0
2026/08/27 18:40:59	23.69728	0
2026/08/27 19:10:49	23.69728	0
2026/08/27 19:40:26	23.69728	0
2026/08/27 20:10:14	23.89552	0
2026/08/27 20:39:51	23.74686	0
2026/08/27 21:09:39	23.74686	0
2026/08/27 21:39:27	23.74686	0
2026/08/27 22:09:06	23.74686	0
2026/08/27 22:38:43	23.74686	0
2026/08/27 23:08:26	23.69728	0
2026/08/27 23:38:09	23.84598	0
2026/08/28 00:07:58	23.69728	0
2026/08/28 00:37:35	23.64768	0
2026/08/28 01:07:17	23.64768	0
2026/08/28 01:37:01	23.44922	0
2026/08/28 02:06:43	23.44922	0
2026/08/28 02:36:34	23.54846	0
2026/08/28 03:06:11	23.54846	0
2026/08/28 03:35:54	23.69728	0
2026/08/28 04:05:44	23.79643	0
2026/08/28 04:35:20	23.89552	0
2026/08/28 05:05:03	23.99458	0
2026/08/28 05:34:45	23.69728	0
2026/08/28 06:04:30	23.59808	0
2026/08/28 06:34:19	23.59808	0
2026/08/28 07:04:03	23.84598	0
2026/08/28 07:33:40	23.84598	0
2026/08/28 08:33:12	23.99458	0
2026/08/28 09:02:49	24.14313	0
2026/08/28 09:32:36	24.0936	0
2026/08/28 10:02:19	24.0936	0
2026/08/28 10:32:04	23.79643	0
2026/08/28 11:33:07	23.54846	0
2026/08/28 12:01:11	23.44922	0
2026/08/28 12:30:56	23.79643	0
2026/08/28 13:00:32	24.78563	0
2026/08/28 13:30:14	24.43988	0
2026/08/28 14:00:02	24.53871	0
2026/08/28 14:29:39	24.53871	0
2026/08/28 14:59:32	25.27869	0
2026/08/28 15:29:05	25.22943	0
2026/08/28 15:58:54	24.98297	0
2026/08/28 16:28:31	25.13088	0
2026/08/28 16:58:21	25.18016	0
2026/08/28 17:27:56	24.93367	0
2026/08/28 17:57:46	24.78563	0
2026/08/28 18:27:22	24.68689	0
2026/08/28 18:57:16	24.63751	0
2026/08/28 19:26:48	24.4893	0
2026/08/28 19:56:31	24.0441	0
2026/08/28 20:26:19	23.99458	0
2026/08/28 20:56:08	24.0936	0
2026/08/28 21:25:44	23.89552	0
2026/08/28 21:55:22	23.64768	0
2026/08/28 22:25:11	23.64768	0
2026/08/28 22:54:54	23.64768	0
2026/08/28 23:24:37	23.34993	0
2026/08/28 23:54:15	23.34993	0
2026/08/29 00:23:57	23.2506	0
2026/08/29 00:53:47	23.3996	0
2026/08/29 01:23:33	23.34993	0
2026/08/29 01:53:12	23.2506	0
2026/08/29 02:22:49	23.79643	0
2026/08/29 02:52:38	23.34993	0
2026/08/29 03:22:19	23.69728	0
2026/08/29 03:51:56	23.59808	0
2026/08/29 04:21:47	23.44922	0
2026/08/29 04:51:23	23.59808	0
2026/08/29 05:21:06	23.69728	0
2026/08/29 05:50:48	23.74686	0
2026/08/29 06:20:39	23.79643	0
2026/08/29 06:50:16	23.99458	0
2026/08/29 07:20:07	23.99458	0
2026/08/29 07:49:42	24.0441	0
2026/08/29 08:19:24	24.0936	0
2026/08/29 08:49:08	24.0441	0
2026/08/29 09:18:55	24.14313	0
2026/08/29 09:48:41	24.1926	0
2026/08/29 10:18:21	24.1926	0
2026/08/29 10:48:05	23.99458	0
2026/08/29 11:17:48	24.1926	0
2026/08/29 11:47:24	24.0936	0
2026/08/29 12:17:08	23.89552	0
2026/08/29 12:46:57	23.89552	0
2026/08/29 13:16:34	23.89552	0
2026/08/29 13:46:27	23.94505	0
2026/08/29 14:16:10	23.99458	0
2026/08/29 14:45:44	23.99458	0
2026/08/29 15:15:33	23.79643	0
2026/08/29 15:45:10	23.84598	0
2026/08/29 16:14:52	23.89552	0
2026/08/29 16:44:35	23.94505	0
2026/08/29 17:14:21	23.84598	0
2026/08/29 17:44:10	23.79643	0
2026/08/29 18:13:52	23.94505	0
2026/08/29 18:43:27	23.74686	0
2026/08/29 19:13:19	23.94505	0
2026/08/29 19:43:00	23.64768	0
2026/08/29 20:12:43	23.84598	0
2026/08/29 20:42:20	23.79643	0
2026/08/29 21:12:09	23.74686	0
2026/08/29 21:41:45	23.69728	0
2026/08/29 22:11:36	23.74686	0
2026/08/29 22:41:11	23.79643	0
2026/08/29 23:11:01	23.69728	0
2026/08/29 23:40:43	23.74686	0
2026/08/30 00:10:21	23.69728	0
2026/08/30 00:40:04	23.74686	0
2026/08/30 01:09:46	23.69728	0
2026/08/30 01:39:35	23.69728	0
2026/08/30 02:09:22	23.64768	0
2026/08/30 02:39:01	23.69728	0
2026/08/30 03:08:38	23.79643	0
2026/08/30 03:38:28	23.3996	0
2026/08/30 04:08:05	23.74686	0
2026/08/30 04:37:55	23.74686	0
2026/08/30 05:07:35	23.69728	0
2026/08/30 05:37:20	23.69728	0
2026/08/30 06:07:02	23.74686	0
2026/08/30 06:36:39	23.69728	0
2026/08/30 07:06:31	23.64768	0
2026/08/30 07:36:09	23.59808	0
2026/08/30 08:05:54	23.54846	0
2026/08/30 08:35:34	23.59808	0
2026/08/30 09:05:12	23.64768	0
2026/08/30 09:34:59	23.59808	0
2026/08/30 10:04:45	23.69728	0
2026/08/30 10:34:26	23.64768	0
2026/08/30 11:04:01	23.54846	0
2026/08/30 11:33:44	23.59808	0
2026/08/30 12:03:34	23.64768	0
2026/08/30 12:33:10	23.30026	0
2026/08/30 13:03:00	23.59808	0
2026/08/30 13:32:40	23.3996	0
2026/08/30 14:02:25	23.30026	0
2026/08/30 14:32:01	23.34993	0
2026/08/30 15:01:50	23.20093	0
2026/08/30 15:31:33	23.15123	0
2026/08/30 16:01:14	23.15123	0
2026/08/30 16:30:51	23.10152	0
2026/08/30 17:30:21	23.10152	0
2026/08/30 17:59:59	23.05182	0
2026/08/30 18:29:48	23.05182	0
2026/08/30 18:59:29	23.05182	0
2026/08/30 19:29:07	23.05182	0
2026/08/30 19:58:51	23.05182	0
2026/08/30 20:28:32	23.00209	0
2026/08/30 20:58:22	23.00209	0
2026/08/30 21:27:57	23.05182	0
2026/08/30 21:57:48	23.00209	0
2026/08/30 22:27:29	23.10152	0
2026/08/30 22:57:12	23.05182	0
2026/08/30 23:26:49	23.05182	0
2026/08/30 23:56:31	23.15123	0
2026/08/31 00:26:15	23.00209	0
2026/08/31 00:56:05	23.20093	0
2026/08/31 01:25:40	22.85286	0
2026/08/31 01:55:32	23.10152	0
2026/08/31 02:25:11	23.05182	0
2026/08/31 02:54:56	23.10152	0
2026/08/31 03:24:38	23.00209	0
2026/08/31 03:54:21	23.00209	0
2026/08/31 04:23:58	22.9026	0
2026/08/31 04:53:46	22.85286	0
2026/08/31 05:23:24	22.9026	0
2026/08/31 05:53:13	22.7533	0
2026/08/31 06:22:59	22.7533	0
2026/08/31 06:52:40	23.05182	0
2026/08/31 07:22:27	22.85286	0
2026/08/31 07:52:06	22.95235	0
2026/08/31 08:21:43	23.05182	0
2026/08/31 08:51:33	23.05182	0
2026/08/31 09:21:11	23.10152	0
2026/08/31 09:50:58	23.10152	0
2026/08/31 10:20:37	23.05182	0
2026/08/31 10:50:19	23.05182	0
2026/08/31 11:20:09	23.10152	0
2026/08/31 11:49:46	23.10152	0
2026/08/31 12:19:34	23.10152	0
2026/08/31 12:49:18	23.00209	0
2026/08/31 13:19:00	22.9026	0
2026/08/31 13:48:37	22.9026	0
2026/08/31 14:18:30	22.9026	0
2026/08/31 14:48:13	22.85286	0
2026/08/31 15:17:53	22.85286	0
2026/08/31 15:47:43	22.85286	0
2026/08/31 16:17:19	22.9026	0
2026/08/31 16:47:05	22.9026	0
2026/08/31 17:16:46	22.9026	0
2026/08/31 17:46:29	22.9026	0
2026/08/31 18:16:13	22.9026	0
2026/08/31 18:45:50	22.9026	0
2026/08/31 19:15:32	22.9026	0
2026/08/31 19:45:22	22.9026	0
2026/08/31 20:15:06	22.9026	0
2026/08/31 20:44:42	23.05182	0
2026/08/31 21:14:31	23.10152	0
2026/08/31 21:44:08	23.10152	0
2026/08/31 22:13:52	23.15123	0
2026/08/31 22:43:42	23.10152	0
2026/08/31 23:13:18	23.15123	0
2026/08/31 23:43:06	23.15123	0
