time,latitude,longitude,analysed_sst
UTC,degrees_north,degrees_east,degree_C
2026-08-01T09:00:00Z,38.85,141.66,22.843
2026-08-02T09:00:00Z,38.85,141.66,22.781
2026-08-03T09:00:00Z,38.85,141.66,22.257
2026-08-04T09:00:00Z,38.85,141.66,21.959
2026-08-05T09:00:00Z,38.85,141.66,21.811
2026-08-06T09:00:00Z,38.85,141.66,22.182
2026-08-07T09:00:00Z,38.85,141.66,22.726
2026-08-08T09:00:00Z,38.85,141.66,23.041
2026-08-09T09:00:00Z,38.85,141.66,22.829
2026-08-10T09:00:00Z,38.85,141.66,22.161
2026-08-11T09:00:00Z,38.85,141.66,22.256
2026-08-12T09:00:00Z,38.85,141.66,22.346
2026-08-13T09:00:00Z,38.85,141.66,23.012999999999998
2026-08-14T09:00:00Z,38.85,141.66,22.92
2026-08-15T09:00:00Z,38.85,141.66,22.825
2026-08-16T09:00:00Z,38.85,141.66,22.782
2026-08-17T09:00:00Z,38.85,141.66,23.358
2026-08-18T09:00:00Z,38.85,141.66,23.356
2026-08-19T09:00:00Z,38.85,141.66,23.549
2026-08-20T09:00:00Z,38.85,141.66,23.731
2026-08-21T09:00:00Z,38.85,141.66,23.9
2026-08-22T09:00:00Z,38.85,141.66,24.461
2026-08-23T09:00:00Z,38.85,141.66,24.891
2026-08-24T09:00:00Z,38.85,141.66,24.91
2026-08-25T09:00:00Z,38.85,141.66,24.811
2026-08-26T09:00:00Z,38.85,141.66,24.706
2026-08-27T09:00:00Z,38.85,141.66,24.705
2026-08-28T09:00:00Z,38.85,141.66,24.471
2026-08-29T09:00:00Z,38.85,141.66,24.305
2026-08-30T09:00:00Z,38.85,141.66,24.035
2026-08-31T09:00:00Z,38.85,141.66,24.055
